title,hourly rate,location
Earn $198 per hour | Flexible Gig Work for Box Trucks ðŸšš,198,Norwood
CREW NEEDED ASAP,155,Dorchester
Massage therapist,140,boston/cambridge/brookline
Sub for a 1 hour Entrepreneurship class after-school on 03/06/2023 for,100,"Manchester, MA"
Asian models sought - no experience required,100,Waltham
Freelance IT Tech Needed,99,south shore
Seeking Kindhearted Gentle Caregiver,80,Medford near Tufts / Somerville / Arlington / Cambridge
ðŸ’²â–ºnow FREE TRAINING - JOBS/BUSINESS KNOW HOW,75,Text â€˜ITâ€™ to 5107616431  Remote WORK from HOME
Tutor wanted for Theoretical Computer Science,75,boston/cambridge/brookline
Female model for sports memorabilia website,60,boston/cambridge/brookline
Teach kids Sports after-school 1x/week and make $55 per session,55,boston/cambridge/brookline
Teach kids Game Design after-school 1x/week and make $55 per session,55,boston/cambridge/brookline
Teach kids Science after-school 1x/week and make $55 per session,55,boston/cambridge/brookline
Teach kids Coding after-school 1x/week and make $55 per session,55,boston/cambridge/brookline
Teach kids Chess: after-school 1x/week and make $55 per session,55,boston/cambridge/brookline
Teach kids Lacrosse after-school 1x/week and make $55 per session,55,boston/cambridge/brookline
Teach kids Cooking after-school 1x/week and make $55 per session,55,boston/cambridge/brookline
Make $50/hr Participating in Paid Taste Product and Tests!,50,"Natick, MA"
Local package delivery driver $18.25 to $20.50 HR Guaranteed,50,Boston
Wedding Photographers Wanted!!!,50,Boston
Assistant to Humanities Professor,50,Remote (Cambridge)
$50.00 Half Hr Gig at Most,50,Medford
Make $50/hr Participating in Paid Product and Taste Tests!,50,"Natick, MA"
Quick cash moving furniture!,50,northwest/merrimack
Seeking Actor for an Adult Birthday Party,50,Somerville
E-Scooter Repair,50,Cambridge
Wedding Videographers Wanted!!!,50,Boston
Seeking Temporary Nanny,45,North Reading
Tour guide wanted for Haunted Tour company,40,Salem and Boston
Need some extra hands,40,boston/cambridge/brookline
"The most fun work at live events! 60,000 real gigs, $20-$40 per hr",40,Greater Boston area
Need Help Finding Gratitude/Ingratitude Practices in Diverse Cultures,40,boston/cambridge/brookline
Fun Art Gig in Boston area!! Paint Party Instructor,40,Boston
"The most fun work at live events! 60,000 real jobs, $20-$40 per hr",40,Greater Boston area
Nanny for Family in Lynnfield,40,Lynnfield
TILE REPAIR,40,"Methuen, MA"
Skid steer operator for snow plowing needed,35,Shandon rd Boston
Carpenter/handyman,35,Revere
concrete finisher/laborer,35,arlington ma
Seeking arm candy amateur promo gal for St. Patricks day week,35,Boston and beyond
"Moving Labor, Load and Unload Only",30,Boston
***Trade show booth installer / Handyman,30,Boston
Tour Guide needed -  March 11th-18th,30,Boston area
ðŸ’²ðŸ’µðŸ’² ðŸ¤‘ SIGN DRIVER / MOBILE ADVERTISING HELP NEEDED ASAP ðŸ¤‘ ðŸ’²,30,north shore
"Patch Siding, Replace Window Sill, Laminate Flooring Install",30,Acton
Couriers & Delivery Drivers Wanted! Earn up to $30/hr on Your Schedule,30,boston/cambridge/brookline
Music File Organization,30,Boston
"Boston House Cleaner! $30/hour + tip! Weekly Pay, Flexible Hours!",30,boston/cambridge/brookline
*** Immediate work for Experienced Landscaper Handyman ***,30,metro west
Cleaning/Landscaping/Handyman,28,Boston
Handyman/ Cleaning & Organizing,28,Boston
Cleaning/Handyman,28,Boston
The Loft,27,Attleboro
Calling all baristas! Pick up coffee shifts on demand,26,boston/cambridge/brookline
"Flexible Shifts, Explore Local Shops - Specialty Coffee Baristas Apply",26,boston/cambridge/brookline
Grocery Shoppers & Drivers Wanted! Earn up to $25/hr on Your Schedule,25,boston/cambridge/brookline
Moving Co. Needs Experienced Mover Asap.,25,"lynn, ma"
AirBnb Flip Cleaning,25,Rockport
"Tue, 7 Mar - Coat/ Ticket Check Help Needed",25,Boston
Home cleaner,25,Newton
Samplers NEEDED!,25,Boston or Greater Boston
Looking for Someone with Signal App Knowledge,25,"Brookline, Ma."
"Choose your Event Shifts. Make up to $25/hr, get paid fast!",25,boston/cambridge/brookline
Looking for moving helpers Tuesday morning 10am shape,25,Newton
House Keeper Needed,25,"Byfield, MA"
Moving Co. Needs Experienced Mover TOMORROW.,25,"Malden, Ma"
"Choose your Restaurant Shifts. Make up to $25/hr, get paid fast!",25,boston/cambridge/brookline
Loading a truck,25,south shore
Copilot Careers - Food Delivery Driver - Up to $25 per hour!,25,Boston
Natick Snow Shoveling,25,Natick
Flyer Distribution and Posting,25,Boston
"Choose your Construction Shifts. Make up to $25/hr, get paid fast!",25,boston/cambridge/brookline
Drive Folks For $$,25,Hopkinton/Norwood/Lexington
"Choose your Warehouse Shifts. Make up to $25/hr, get paid fast!",25,boston/cambridge/brookline
Need a guy to help me clean and organize my place,25,Boxborough-Acton
Earn $75-$125/hr part-time hustle ðŸ’¸ðŸ’°,25,boston/cambridge/brookline
Mandarin/Portuguese Interpreter,25,Framingham
Delivery Driver Starting at $18.25 HR,25,wilmington
"Choose your Landscaping Shifts. Make up to $25/hr, get paid fast!",25,boston/cambridge/brookline
Package delivery driver Jamaica Plain $18.25/HR to start,25,Jamaica Plain
Water Damage Restoration Demo,25,Burlington
Household helper,25,Belmont
Laundromat Attendant/Cleaner,25,"Lynn, Beverly and Salem"
Waitstaff needed Friday March 17,25,Quincy
"Waitstaff needed Friday March 17, 2023",25,Dedham
Mural Painter Needed,25,"Beverly, MA"
Delivery Driver 9AM~11AM $25/h,25,Woburn
AirBnb Cleaner,25,Rockport MA
Line Cook/Prep Cook,25,Woburn
"Choose your Hospitality Shifts. Make up to $25/hr, get paid fast!",25,boston/cambridge/brookline
"Choose your Security Shifts. Make up to $25/hr, get paid fast!",25,Boston
"AV/Zoom tech wanted, odd schedule",25,"Newton, MA"
Event Region Lead and Event Managers needed,25,Boston
Drive Families In Metrowest!,25,Marlboro/Framingham/Hopkinton/Norwood/Lexington
WIX Webpage Builder,25,Brookline
"Choose your Shifts. Make up to $25/hr, get paid fast!",25,boston/cambridge/brookline
"Choose your Catering Shifts. Make up to $25/hr, get paid fast!",25,boston/cambridge/brookline
small deliveries,24,boston/cambridge/brookline
"ðŸ’š CLEANING JOBS AVAILABLE ðŸ’š  $23+/hr, Paid Daily ðŸ’š",23,boston/cambridge/brookline
"ðŸ’š NEED HOUSE CLEANERS TO START THIS WEEK ðŸ’š  $23+/hr, Paid Daily ðŸ’š",23,north shore
"NEED HOUSE CLEANERS TO START THIS WEEK - $23+/hr, Paid Daily",23,northwest/merrimack
"ðŸ’š NEED CLEANERS TO START THIS WEEK ðŸ’š  $23+/hr, Paid Daily ðŸ’š",23,north shore
"CLEANING JOBS AVAILABLE - $23+/hr, Paid Daily",23,boston/cambridge/brookline
"NEED CLEANERS TO START THIS WEEK - $23+/hr, Paid Daily",23,metro west
Looking for 2 - 3 casual laborers for Per Diem work,23,"Newton, MA"
Pole Dancer Wanted,23,falmouth
YARD WORK,22,Methuen
Experienced Mover Saturday 25th @ 1pm Weymouth,22,Weymouth
We're hiring Event Servers for a catering event - $21/hr,21,boston/cambridge/brookline
Hiring Event Servers for a catering event - $21/hr,21,boston/cambridge/brookline
GENERAL LABOR (4 MONTH CONTRACT),21,lawrence
Set up help needed for vending booth at convention center,20,Seaport district
Salesperson needed for pop up shop at Boston convention center,20,Downtown boston
"We have labor gigs available (Moving, Yard Work, and Painting)",20,Boston
Laborer needed for the day,20,Burlington
CONSTRUCTION LABORER - $20/HR - ASAP,20,boston/cambridge/brookline
Teach Me How to Drive?,20,Roslindale
moving jobs $20+ an hour,20,Boston
Van Driver in Revere $20 per hour minimum guarantee,20,Revere
Posting flyers,20,"Cambridge, Somerville"
Agricultural / Working with Horses,20,Norwell
Security Guard for Check-In,20,Boston Back Bay
Help with elderly chores - Sudbury area high school student only,20,Sudbury
Van delivery driver $20 per HR to start,20,Revere
Looking for cleaning help in Needham,20,Needham
event help for bookkeeping event,20,boston/cambridge/brookline
$20/hr Class D Driver's Needed (Non CDL)/ Conductor Necesario,20,Framingham
Seasonal Drivers Needed for Storage Company ($18-20/hr),20,"Franklin, MA"
Dog Walker and Social Media Helper,20,Holliston
Moving job,20,Boston
Moving,20,Boston
Sign Wavers! $20hr SUN 2.26!( PLYMOUTH ),20,PLYMOUTH
Seamstress Job - flexible- one time job with opportunity for more work,20,Melrose
Shovelers needed,20,Chelmsford
"Event Set Up/Break Down Staff, $20 an Hour",20,Boston
Snow removal Boston,20,Roxbury
Help packing for a move,20,Wilmington ma
Seeking office helper,20,North of Boston
MOVING on 3/3/23 @ 9AM,20,Andover
Moving helper needed,20,Sommerville
event help and labor,19,boston/cambridge/brookline
CARE-Giver needed,19,"Stoneham, MA and surrounding areas"
Hiring General Labor Workers at a local warehouse - $18/hr,18,boston/cambridge/brookline
We're looking for Warehouse Workers at an ecommerce operation near you,18,boston/cambridge/brookline
PCA needed in Quincy,18,south shore
Weekend Personal Care Attendant,18,Chelmsford
Landscaping help,18,Boston
Looking for Event Setup and Takedowns for a corporate event - $17/hr,17,boston/cambridge/brookline
Looking for General Labor Workers at a local warehouse - $17/hr,17,boston/cambridge/brookline
Hiring Event Setup and Takedowns for an event in your area - $17/hr,17,boston/cambridge/brookline
We need General Labor Workers at a shipping company - $16/hr,16,boston/cambridge/brookline
Electrical Helpers tomorrow start,16,"Somerville, MA"
Social media intern,15,virtual
Dog Care Handler,15,Dedham
Housekeeping,12,Somerville
Housekeeping & Organizing Items,12,Somerville
Part Time Position - PCA,10,Dorchester
Looking For A PCA,10,Dorchester
Trivia Host Wanted,3,Allston
"Dishwasher ""dishpit video"" ($100 for 3 hr video)",3,boston/cambridge/brookline
WANTED - Dog walker and other small tasks. (Mansfield),0,MANSFIELD
model test- Looking for interesting looking female model,0,Wayland
Gas Pump Attendant,0,Needham
Secretary   Part Time,0,Lowell
*$20/hr- Cell Phone Check Attendant - John Mulaney Show,0,boston/cambridge/brookline
Event Staff,0,Boston
Marketing Associate (Remote),0,boston/cambridge/brookline
Weekend house cleaning,0,Lexington
Snow removal today,0,Lexington
Part-time Public Relations,0,Merrimack
Book-keeper/Billing,0,Newton
Apprentice Carpenter $20 - $25.00/hour,0,Peabody
Seeking models/subject for alt/erocosplay life drawing/painting,0,Cambridge/Alewife
House painter,0,Newton
