title,price,location
Drive Folks For $$,$25 per hour to start,Hopkinton/Norwood/Lexington
WORK FROM HOME!,To be discussed,boston/cambridge/brookline
SEEKING ACTRESS & ACTOR FOR INTERPRETIVE PLAY SET TO ALBUM ($1K EACH),$1k each,Boston
Seeking Participants for Wrinkle Study,luxury skin care product,Remote
Seeking Participants for Acne Study,luxury skincare product,metro west
YARD WORK,$22 per hour plus tips for good work,Methuen
TILE REPAIR,$40 per hour,"Methuen, MA"
"NEED HOUSE CLEANERS TO START THIS WEEK - $23+/hr, Paid Daily",$23+/hr,northwest/merrimack
"NEED CLEANERS TO START THIS WEEK - $23+/hr, Paid Daily",$23+/hr,north shore
Cleaning Companies Needed,Pay per Job,"Framingham, MA"
Developer Needed For a Side Project: $1750.00 budget,,Uxbridge
Compensation Provided for Eczema Medical Research,Reasonable reimbursement for participat...,boston/cambridge/brookline
Looking for quotes to install 2 Glass Shower Doors,Looking for quotes,East Boston
Delivery Driver Starting at $18.25 HR,$18.25 hr,wilmington
Up To $3000 Paid Clinical Studies,Compensation available for those who qu...,Boston
Earn $198 per hour | Flexible Gig Work for Box Trucks ğŸšš,Earn $198 per hour + tips,Norwood
Teach kids Sports after-school 1x/week and make $55 per session,$55 per hour for a once a week session!,boston/cambridge/brookline
"Choose your Warehouse Shifts. Make up to $25/hr, get paid fast!",Hourly compensation up to $25/hr,boston/cambridge/brookline
âœ…ğŸŸ§âœ…  REMOTE WORK FROM HOME $97 to $375 Part-time Daily  âœ…ğŸŸ¨âœ…,$3750 - $5500 Weekly,boston/cambridge/brookline
SURROGATES NEEDED ğŸ’• Earn $67-87k+ ğŸ’• $1200 screening bonus,1st time Surrogate compensation starts ...,"Boston (South Shore),MA"
Handy Person Needed - Multiple Small Projects,Flat-Rate Job plus approved expenses.,"Tewksbury, MA"
Do you work at goPuff? Join Our Research Program get $100,Up to $100,boston/cambridge/brookline
Do you use APS Payroll? Want $250 Join Our Research Program!?,Up to $250,boston/cambridge/brookline
"Waitstaff needed Friday March 17, 2023",$20/hour paid within 24 hours $25/hour ...,Dedham
Waitstaff needed Friday March 17,$20/hour paid within 24 hours $25/hour ...,Quincy
Teach kids Science after-school 1x/week and make $55 per session,$55 per hour for a once a week session!,boston/cambridge/brookline
Teach kids Science after-school 1x/week and make $55 per session,$55 per hour for a once a week session!,boston/cambridge/brookline
WANT TO HELP IN A NEW STUDY ABOUT VAPES?,$10 Amazon gift card if eligible,Boston MA
Handymen and Handywomen Wanted! Earn up to $1000/week on Your Schedule,Up to $1000/week,boston/cambridge/brookline
"ğŸŒ Earn $200+ Sharing Your Opinions on New Products, Foods, More ğŸŒ",$200+,Online: Computer or Phone
concrete finisher/laborer,25-35 hr.,arlington ma
Move to Maine MOVERS WANTED ( place to live ),$20-$26,Windham
Need Computer Software Expert for PC Password ByPass:  Locked o,Flat fee or hourly rate (negotiated in ...,Marlborough
"Part-Time, Remote Sales Consultant (Commission Only)",This is a 1099 independent contractor p...,boston/cambridge/brookline
Evaluate Products For Companies - $225/week,$225/week,Boston / Cambridge / Brookline
Compensation Provided for Eczema Medical Research,Compensation for time and travel,boston/cambridge/brookline
"Patch Siding, Replace Window Sill, Laminate Flooring Install",$30 per work hour,Acton
BLOOD DONORS NEEDED! $$$,Compensation up to $1000 based on donat...,Boston
TV CASTING: ARE YOU DATING A FEMALE INMATE?,$$,boston/cambridge/brookline
DIVORCE COURT TV pays Couples $1200 NEW POST,Receive $1200 Total Per Couple,Atlanta
$10 AMAZON GIFT CARD for ~5 Minutes of Your Time,$10 Amazon Gift Card,Boston
HIRING SMART HOME INSTALLERS-ELECTRICION-HANDYMAN-LOCK SMITH- H-VAC,$120-$300+,MAST TRAVEL
"ğŸ’š NEED HOUSE CLEANERS TO START THIS WEEK ğŸ’š  $23+/hr, Paid Daily ğŸ’š",$23+/hr,north shore
"CLEANING JOBS AVAILABLE - $23+/hr, Paid Daily",$23+/hr,northwest/merrimack
â™¬ Part-Time Private Music Teacher | Get Paid to Do What you Love!,Up to $75 plus tips,boston/cambridge/brookline
Teach kids Chess: after-school 1x/week and make $55 per session,$55 per hour for a once a week session!,boston/cambridge/brookline
Earn $75-$125/hr part-time hustle ğŸ’¸ğŸ’°,Average about $75-$125/hr,boston/cambridge/brookline
Teach kids Game Design after-school 1x/week and make $55 per session,$55 per hour for a once a week session!,boston/cambridge/brookline
Addiction Reduction Research Study,$2100,boston/cambridge/brookline
Mobile Mechanic,Offers,Medford
office assistant / staff,16-21,boston/cambridge/brookline
CREW NEEDED ASAP,"$15hr , 5 hours a day",Dorchester
*Brand Ambassador (sports drink) - Boston Marathon Expo - 3-day gig*,$540.00 + $25.00/per referral,boston/cambridge/brookline
"Migraine Research Studies - Payment up to $750, varies by study","Payment up to $750, which varies by stu...",boston/cambridge/brookline
Teach kids Chess: after-school 1x/week and make $55 per session,$55 per hour for a once a week session!,boston/cambridge/brookline
Van Delivery Driver $19.50/HR,$19.50 HR,Plymouth/Middleboro
"ğŸŒ Earn $200+ Sharing Your Opinions on New Products, Foods, More ğŸŒ",$200+,Online: Computer or Phone
Van Delivery Driver $18.25 per hour to start,$18.25 HR,Dorchester
Join Our Team of Dedicated Gutter Cleaning Vendors,Pay is determined by job,Boston MA
Healthy Volunteers Needed for a Study! Compensation Available,Donors who complete the study will be c...,south shore
Graphic Designer,$85.00 Hourly,boston/cambridge/brookline
Teach kids Lacrosse after-school 1x/week and make $55 per session,$55 per hour for a once a week session!,boston/cambridge/brookline
"ğŸ’š CLEANING JOBS AVAILABLE ğŸ’š  $23+/hr, Paid Daily ğŸ’š",$23+/hr,northwest/merrimack
Dog Walker and Social Media Helper,$20 hour,Holliston
Package delivery driver Jamaica Plain $18.25/HR to start,$18.25 hr,Jamaica Plain
ARE YOU DATING A WOMAN IN PRISON? - TV CASTING,$$,boston/cambridge/brookline
Copilot Careers - Food Delivery Driver - Up to $25 per hour!,Up to $25 per hour,Boston
Freelance AV Technicians,$27.50 - $45,Boston Metro
$50.00 Half Hr Gig at Most,$50 for Half hr Gig at Most,Medford
Couriers & Delivery Drivers Wanted! Earn up to $30/hr on Your Schedule,Up to $30/hr,boston/cambridge/brookline
Seeking arm candy amateur promo gal for St. Patricks day week,"$25 to $35 per hour to start. Cash, ven...",Boston and beyond
Cook for Summer Camp,pay rate commensurate with experience,"Essex County, Massachusetts"
In Person Jury Research Group,$60  plus pizza,Watertown
Gigs for Musicians,Working bands offer a wide variety of p...,metro west
Surrogates Earn $67-87k+ ğŸ’ Great 2nd JobğŸ’$1200 screening BONUS,1st time Surrogate compensation starts ...,"Boston (Metro West), MA"
"The most fun work at live events! 60,000 real jobs, $20-$40 per hr",$20 to $40 per hour,Greater Boston area
$25-$30 and hour CASH - for snow removal $$$,$25-$30 CASH,Arlington
Surrogates Earn $67-87k+ ğŸ’ Great 2nd JobğŸ’$1200 screening BONUS,1st time Surrogate compensation starts ...,"Boston (Boston/Cambridge/Brookline), MA"
"Choose your Landscaping Shifts. Make up to $25/hr, get paid fast!",Hourly compensation up to $25/hr,boston/cambridge/brookline
Irish Band for Boat Cruise,"Pay Negotiable, Industry Standard",Boston
E-Scooter Repair,$30 - $50 / hour,Cambridge
Mental Fog/Confusion Study,$1750,boston/cambridge/brookline
Skid steer operator for snow plowing needed,30-35hr,Shandon rd Boston
Local Paint Nite Host Wanted - Run Your Own Events,up to 70% of all ticket sales,Boston
Delivery Driver Starting at $18.25 HR,$18.25 hr,wilmington
Limpieza de casa semanal,$100 por limpieza en efectivo,Woburn
Natural female model for photo project.,$500,boston/cambridge/brookline
Participants needed for a paid Focus Group-$300,$300.00 CASH,Boston and surrounding cities
Small delivery in Chelsea with Hourly Guaranteed $18.25/HR,$18.25 HR,Chelsea
NEED 2ND STORY BALCONY BUILT,Negotiated Project Pay,Lincoln MA
Strong Movers,,Cape Cod
â–º ğŸ“ğŸ“šREMOTE - FREELANCE WRITER / COPYWRITER / EDITOR ğŸ’»âœâ—„,Per Word,Boston
Nanny for Family in Lynnfield,30 - 40 per hour,Lynnfield
Are you a diagnosed PSYCHOPATH?,Possible compensation provided if chosen,boston/cambridge/brookline
Van Delivery Route in Dorchester $18.25 /HR Starting Pay,$18.25 HR,Dorchester
Seasonal Drivers Needed for Storage Company ($18-20/hr),$18-20/hr,"Franklin, MA"
Compensated Study about Healthcare | $1000 Compensation,We are providing a $1000 compensation f...,boston/cambridge/brookline
Local package delivery driver $18.25 to $20.50 HR Guaranteed,$18.25 to $20.50 hour,Boston
Telecommute Earn $20 per easy online product test gig w/ free products,$20 per review gig plus the free product,metro west
$20/hr Class D Driver's Needed (Non CDL)/ Conductor Necesario,$20/hr,Framingham
â–º Freelance Writer Wanted - Pay $100 per article (Remote OK),$100 per article,boston/cambridge/brookline
"The most fun work at live events! 60,000 real gigs, $20-$40 per hr",$20 to $40 per hour,Greater Boston area
Learning and Comprehension Study,Compensation to those who qualify!,boston/cambridge/brookline
Handyman/ Cleaning & Organizing,28/hour,Boston
ğŸ’°Looking for lawn mowing/snow pro's: Instant Jobs/next day payout ğŸ’°,Compensation dependent on job. Top doll...,Metro West & all surrounding areas
ğŸ’°Looking for lawn mowing/snow pro's: Instant Jobs/next day payout ğŸ’°,Compensation dependent on job. Top doll...,North Shore & all surrounding areas
Osteoarthritis of the Knee Studies. Compensation available,Compensation Available,boston/cambridge/brookline
Build a Steady Source of Income ğŸ”¥Book More Jobs,"$1,000 per job",ğŸ‘‰ğŸ¼ğŸ‘‰ğŸ¼Try It NowğŸ‘ˆğŸ¼ğŸ‘ˆğŸ¼
Make $50/hr Participating in Paid Product and Taste Tests!,$50/hr +,"Natick, MA"
Make $50/hr Participating in Paid Taste Product and Tests!,$50/hr +,"Natick, MA"
Tutor wanted for Theoretical Computer Science,$75/hour,boston/cambridge/brookline
Looking for poker dealers/specialsts to run poker events and set up,"depends of job description. However, we...",FRAMINGHAM
Looking for a person to deal at fun Casino parties and make extra $,"depends of job description. However, we...",FRAMINGHAM
Delivery drivers $19.50 HR (Hanover/Plymouth/Middleboro),$19.50 HR,Middleboro/Plymouth?hanover
âœ…MAKE $500/WEEK FROM HOME FILMING PRODUCT REVIEWSâœ…,$5 Per Video - Up to $500 Per Week,ğŸ”¥ NO SKILLS REQUIRED - SIDE HUSTLE ğŸ’°
Secretary   Part Time,$15.00-$20.00 per hour,Lowell
"Delivery Driver - at least $18.25/hr, Wilmington,",$18.25 HR,Wilmington
*** Immediate work for Experienced Landscaper Handyman ***,$30/hour,metro west
"ğŸ’š NEED CLEANERS TO START THIS WEEK ğŸ’š  $23+/hr, Paid Daily ğŸ’š",$23+/hr,metro west
event help and labor,17-19hr,boston/cambridge/brookline
Personal Grooming Products -  $160 - Paid Focus Group,$150,Boston
Have a truck need a buck $40++ per hour,Laborers $20plus per hour with truck $4...,All Across Mass
Need to move a coffee table out to the road,$50,Newton Lower Falls
Fatigue/Muscle Soreness Research Study,$3200,boston/cambridge/brookline
"FICTION Ghostwriting, work from home, novels",1800 per completed novel,boston/cambridge/brookline
Grocery Shoppers & Drivers Wanted! Earn up to $25/hr on Your Schedule,Up to $25/hr,boston/cambridge/brookline
"2 movers with a moving truck needed tomorrow, Friday 3/9 @ 10am",tbd,south shore
Songs Needed For Film/TV Placement,"Master Sync Lic Fees $5,000 + Royalties...",Boston
Marine mechanic,Wages will be paid,Downtown Boston
Part Time Position - PCA,16.10 an hour,Dorchester
Move to Maine MOVERS WANTED ( place to live ),$20-$26,Windham
Looking for carpenters and helpers !,Tbd,south shore
"Tall Male Model 6'8"" or taller for Big & Tall Apparel Photoshoot",$200,south shore
Playset/Swing Set Assembly,$349-$849 Paid Daily,Boston Area
Van delivery driver $20 per HR to start,$20 hr,Revere
small deliveries,16-24hr,boston/cambridge/brookline
Experienced Drain Cleaning Technician,based on experience,South Shore
PIE MODELS WANTED $200,$200 per shoot (per person),Foxboro/Mansfield  Area
Van Driver in Revere $20 per hour minimum guarantee,$20 hr,Revere
Help with elderly chores - Sudbury area high school student only,$20 an hour,Sudbury
Cleaning/Landscaping/Handyman,28/hour,Boston
Have you made a great short film???,profit sharing incentive,virtual
Hiring Event Servers for a catering event - $21/hr,$21/hr,boston/cambridge/brookline
Security Guard for Check-In,$20 per hour,Boston Back Bay
MAJOR NETWORK REALITY SHOW CASTING COUPLES,$1k each,Boston
Do you or someone you know experience binge eating?,Payment up to $425,McLean Hospital
Flexible Gutter Cleaning Gig Work for Reliable Vendors,Pay is determined by job,Boston MA-NH
Apprentice Carpenter $20 - $25.00/hour,$17.00 - $25.00/hour,Peabody
stretch carpet out,tbd,Pepperell
PAID NATIONWIDE CASTING (18+): COUPLES WHO DISAGREE ABOUT RELIGION,$$,boston/cambridge/brookline
$50 for Chinese Speaking Adults to Participate in Focus Group,$50.00,Zoom / Virtual
Seeking assisted stretching,TBD,Cambridge
ğŸ“¦ Extra Mover Needed Tomorrow at 12PM Zip: 02140,$20/hour - 2 Hour minimum + Cash Tips!,$20/hour - 2 Hour minimum + Cash Tips!
House painter,$25.00 per hour,Newton
"Choose your Hospitality Shifts. Make up to $25/hr, get paid fast!",Hourly compensation up to $25/hr,boston/cambridge/brookline
"We have labor gigs available (Moving, Yard Work, and Painting)",$20 per hour,Boston
Drive a tour bus and make $30-$40 HR Plus tips,$30 to $40 HR plus tips,Boston
Study participants wanted: Wear sensors and body camera for a week and,Payment is up to $750,"Boston, MA"
Delivery Driver Starting at $18.25 HR,$18.25 hr,wilmington
DOG WALKER/PET SITTER,Contractor Position - Percentage of eac...,"Quincy, Braintree, Weymouth, Randolph, Canton"
Grow Your Business ğŸ‘‰ğŸ¼Make up to $$THOUSANDS$$ more per job!ğŸ‘ˆğŸ¼,"$1,000 per job",For Only $299/month
Work from home ğŸˆ $50k - $70k+ ğŸˆ $1200 screening bonus (No Exp Req),1st time Surrogate compensation starts ...,"Boston (South Shore),MA"
moving jobs $20+ an hour,$20 an hour + tips,Boston
Van Driver in Revere $20 per hour minimum guarantee,$20 hr,Revere
FEATURE FILM EXTRAS CASTING,Gas stipend within local range.,"RANDOLPH, MA"
ARE YOU DATING A WOMAN IN PRISON? - TV CASTING,$$,boston/cambridge/brookline
NEED 2ND STORY BALCONY BUILT,Negotiated Project Pay,Lincoln MA
Moving job,$20 hour,Boston
"Paid research on past depression, decision-making, and the brain",at least $800,Belmont
Paid research on depression and the brain,up to $1088.50,Belmont
Are you leaving or recently left a conservative religious community?,Potential compensation provided if chos...,boston/cambridge/brookline
"2 movers with a moving truck needed tomorrow, Friday 3/9 @ 10am",tbd,south shore
Teach kids Cooking after-school 1x/week and make $55 per session,$55 per hour for a once a week session!,boston/cambridge/brookline
Architectural Photography,,Boston
Event Region Lead and Event Managers needed,$25 per hour,Boston
Need some extra hands,Up to $40/hr,boston/cambridge/brookline
Van Driver in Revere $20 per hour minimum guarantee,$20 hr,Revere
"Flexible Shifts, Explore Local Shops - Specialty Coffee Baristas Apply",$22/hour - $26/hour,boston/cambridge/brookline
Photographer NEEDED to shoot billboards,50 per billboard,Boston
Dog Care Handler,$15/hour,Dedham
Jobs now available for bid in Boston/Cambridge/Brookline - Tulogy.com,Get 100% of your bid!,Boston/Cambridge/Brookline
Carpenter/handyman,$20-$35 hr.,Revere
Miscellaneous Smaller Jobs Needed,Fair,Metro West
Carpenters and carpenters apprentice,based upon experience,Middleton
"Egg Donors Needed- pays $10,000-20,000","$10,000-20,000 OR receive an egg freezi...",boston
â£ï¸Make great money & change lives!Earn upto $70k+$1200 screening bonus,1st time Surrogate compensation starts ...,"Boston (North Shore), MA"
Need Basement Finished,to be discussed,Plainville
Participants Wanted for Northshore Focus Group,$75.00 VISA gift card.,"Salem, MA"
female model needed,compensation for time and effort.,newton brighton watertown
ğŸ¯ğŸ¯ğŸ¯ DELIVERY JOB: IMMEDIATE HIRING - VERY GOOD $$$$ ğŸ‘ˆ,+ sign-on bonus,north shore
Get a Steady Flow of Qualified Leads ğŸ”¥,"$1,000 per job","Website, SEO & Digital Marketing Services ğŸ‘‰ğŸ¼Try For FreeğŸ‘ˆ"
Spread 25 yards of Loam,per agreement,norwood
***Trade show booth installer / Handyman,$30/hour,Boston
event help and labor,17-19hr,boston/cambridge/brookline
**FEMALE MODELS NEEDED**,$200,BOSTON
Need Help Finding Gratitude/Ingratitude Practices in Diverse Cultures,$40 per hour,boston/cambridge/brookline
Weekend Personal Care Attendant,18/hr,Chelmsford
"Paying $25 an hour, light carpentry, gardening",,south shore
Research Survey â€“ You will be compensated for your time,$50,"Boston, MA"
"AV/Zoom tech wanted, odd schedule",25/hour,"Newton, MA"
"Wedding Photographer needed for Saturday June 3nd 2023 in Peabody, MA",Hourly or full day rate,Peabody
Mechanic/service tech - Install Serpentine belt,tbd,Dedham
After School Instructor,$85-$100 an evening depending on experi...,"Rockland, MA"
Freelance Videographer Needed for Multiple Dates,negotiable,boston/cambridge/brookline
Seeking Actor for an Adult Birthday Party,$50/hour (+ free food and drinks),Somerville
Field Tech  - $25 per Job,$25,Government Center
Teach kids Science after-school 1x/week and make $55 per session,$55 per hour for a once a week session!,boston/cambridge/brookline
Teach kids Cooking after-school 1x/week and make $55 per session,$55 per hour for a once a week session!,boston/cambridge/brookline
People Who Are Prescribed Opioids Needed For a Virtual Research Study!,Up to $160,Syracuse
"Choose your Security Shifts. Make up to $25/hr, get paid fast!",Hourly compensation up to $25/hr,Boston
University of Vermont remote quit smoking study â€“ Earn up to $493,"Based on how many surveys you complete,...","Burlington, VT"
Need some help digging,Paid daily,"Pembroke, ma"
"ğŸŒ Earn $200+ Sharing Your Opinions on New Products, Foods, More ğŸŒ",$200+,Online: Computer or Phone
Calling Bostonians,"Pay starts at Minimum Wage, but TIPS wi...",North End
Grow Your Business ğŸ‘‰ğŸ¼Make up to $$THOUSANDS$$ more per job!ğŸ‘ˆğŸ¼,"$1,000 per job",For Only $299/month
!!!  SIGN DRIVERS NEEDED ASAP  !!,hourly,Burlington
Tour Guide needed -  March 11th-18th,$25-$30 per hour,Boston area
Professional Portrait Photographer for Online Dating Portraits,$175-$225  with options for upselling a...,Downtown - Cambridge etc
Laundromat Attendant/Cleaner,$16.25/hour to start - NO CASH,"Lynn, Beverly and Salem"
$30 to haul exercise bike Burlington to Carlisle now,$30,Burlington
Bunny Character,$20.00 Hourly,Southshore Plaza
Bunny Character,$20.00 Hourly,Northshore Mall
Enthusiastic Promotional Models / Creatives,30+,Boston
Moving helper needed,25hr  for drivers 20 for helpers,Sommerville
"Take Part in a Behavior, Biology, and Well-Being Study",Earn up to $265 and take part in a nati...,boston/cambridge/brookline
LOOKING FOR SUB CONTRACTORS,CONTRACT HOURLY,NORTH / SOUTH SHORE
Teach kids Sports after-school 1x/week and make $55 per session,$55 per hour for a once a week session!,boston/cambridge/brookline
Landscaping help,$15-$18 hr,Boston
AirBnb Flip Cleaning,$25/hr,Rockport
Housekeeping & Organizing Items,$65 total for 1 1/2 hrs,Somerville
Turn Your Gig Into a Business,"$1,000 per job",ğŸ‘‰ğŸ¼Make $$THOUSANDS$$ more per job!ğŸ”¥Try For Free!
Looking for a DJ with music system,Negotiable,Copley Square
Online Jewelry Sales,commission and bonus,remote
Samplers NEEDED!,$25/hr with additional bonuses,Boston or Greater Boston
handyman or woman,"negotiable, willing to pay a lot for th...","south end, boston"
Looking For A PCA,16.10/hour,Dorchester
Seeking Participants for Acne Study (Remote),luxury skincare product,metro west
NOW CASTING: LESBIANS WITH CHILDREN/BLENDED FAMILIES!,Potential compensation provided  if cho...,boston/cambridge/brookline
Making money streaming your talent remotely! LOOKING FOR BROADCASTERS!,"$100 - $30,000",boston/cambridge/brookline
Need someone who can track IP  addresses,TBD,anywhere
"Event Set Up/Break Down Staff, $20 an Hour",$20 an hour,Boston
Pole Dancer Wanted,$250-$500 for 2-3 hours,falmouth
"Choose your Construction Shifts. Make up to $25/hr, get paid fast!",Hourly compensation up to $25/hr,boston/cambridge/brookline
Incarcerated Published Author Seeks Publishing Assistant,Serious replies will be responded to wi...,Boston/ New York City/ Los Angeles
china repair,"Happy to pay, but not at Trefler's leve...",dedham
Handyman - Residential Home in North Reading,Based on experience,North Reading
Need 21-30 year olds for Paid Marketing Research (Framingham),$15 paid via PayPal or Venmo,Foxborough and Framingham
Moving Co. Needs Experienced Mover Asap.,$20 per hour with a 3 hour minimum,"malden, ma"
"Tue, 7 Mar - Photographer and Videographer Needed",Please let me know how much you will ch...,Boston
Looking for Someone with Signal App Knowledge,$25 an hour,"Brookline, Ma."
Work out partner,Negotiable,boston/cambridge/brookline
Asian models sought - no experience required,$100/hr,Waltham
"Tue, 7 Mar - Coat/ Ticket Check Help Needed",25 dollars per hours,Boston
Looking for 2 - 3 casual laborers for Per Diem work,We pay $20/hour for roughly 2 - 3 hours...,"Newton, MA"
75$ Basic Statistical Analysis,75$,boston
Seeking office helper,20 cash an hour,North of Boston
Book-keeper/Billing,$40.00 per hour,Newton
Sub for a 1 hour Entrepreneurship class after-school on 03/06/2023 for,$100 for an hour long session,"Manchester, MA"
Delivery Driver,Drivers start at $2 per mile base pay w...,Boston
Camera Operator,$200.00,"Warwick, RI"
Sell My Halloween Props on Ebay,whatever is considered fair in the indu...,Salem
camera installation,$50,Chelmsford
Part-time Public Relations,$25.00 per hour,Merrimack
ğŸ’°ğŸ’°ğŸ’° DELIVER LOCAL ORDERS || NO RIDERS & NO RESTAURANT STOPS! ğŸ”¥,+ 100% tips,south shore
Surrogates Needed~ Love being pregnant? Top compensations paid,"$40,000+",boston/cambridge/brookline
Pro Wedding Videographer,Your Day rate,Boston
Baby Equipment Rental Service,$20-$150 for a rental plus $30-$60 for ...,Boston and surrounding suburbs
The Loft,20-27 an hr,Attleboro
Repair Techs - Make Up To $4060 Per Week,Make up to $20K/Month,"Dorchester, MA"
Help Your Family Today!,$50-60K,Boston Area
Snow removal jobs!,$50+,boston/cambridge/brookline
Hiring General Labor Workers at a local warehouse - $18/hr,$18/hr,boston/cambridge/brookline
We're hiring Event Servers for a catering event - $21/hr,$21/hr,boston/cambridge/brookline
$$$$,,all of usa
TV SERIES NOW CASTING ROOMMATES WITH SERIOUS ISSUES,$$$,boston/cambridge/brookline
"Sleep Study, up to $4,000","Compensation of up to $4,000 provided t...",boston/cambridge/brookline
Cleaners,Earn up to $500 weekly!,Massachusetts and New Hampshire Area
ğŸ’²â–ºnow FREE TRAINING - JOBS/BUSINESS KNOW HOW,$40 to $75/hr,Text â€˜ITâ€™ to 5107616431  Remote WORK from HOME
"We have labor gigs available (Moving, Yard Work, and Painting)",$20 per hour,Boston
CALLING ALL PERFORMERS AGE 21-30!,Potential compensation provided if chos...,boston/cambridge/brookline
"Boston House Cleaner! $30/hour + tip! Weekly Pay, Flexible Hours!",$30/hr+tips,boston/cambridge/brookline
Paid Male Cancer Survivor Study,Compensation of $700 and free parking a...,boston/cambridge/brookline
âœ…ğŸŸ§âœ…  REMOTE WORK FROM HOME $97 to $375 Part-time Daily  âœ…ğŸŸ¨âœ…,$3750 - $5500 Weekly,boston/cambridge/brookline
Seeking Temporary Nanny,25 - 45 per hour,North Reading
Van Driver in Revere $20 per hour minimum guarantee,$20 hr,Revere
DO YOU KNOW SOMEONE OUTRAGEOUS BEING RELEASED FROM PRISON SOON?,$$,Boston
Venue hunting,"300 flat rate if we book at the venue, ...",Anywhere
Seeking Model and Talent Scouts - No experience necessary,$1000/day - $5000/day,New York
Seeking kids/teen Models for Spring 2023!,$1000/day - $5000/day,New York
Make $$ taking pictures with your iPhone or camera,depends on number of photos uploaded,North Shore
CASTING CALL: ARE YOU VOLUNTEERING IN A PRISON?Â ,$$,Boston
MOVING on 3/3/23 @ 9AM,$20 per hour,Andover
Earn $198 per hour | Flexible Gig Work for Box Trucks ğŸšš,Earn $198 per hour + tips,Brockton
"Choose your Restaurant Shifts. Make up to $25/hr, get paid fast!",Hourly compensation up to $25/hr,boston/cambridge/brookline
Blood Donors Wanted - Cash Payment $$,Cash Compensation!!!,Watertown
Blood Donors Wanted - Cash Payment $$,Cash payment - earn up to $150 cash eve...,Watertown
Miscellaneous Smaller Jobs Needed,Fair,Boston
BLOOD DONORS NEEDED! $$$,Compensation up to $1000 based on donat...,Boston
event help and labor,17-19hr,boston/cambridge/brookline
Seeking Photos for Local Bank Campaign,$300,Boston
Vinyl Siding and trim installation needed in East Bridgewater,"looking for a quote, paid by check out ...",East Bridgewater
Van Driver in Revere $20 per hour minimum guarantee,$20 hr,Revere
Plymouth/South Shore van driver $19.50 HR,$19.50,Plymouth area
Female model for sports memorabilia website,$60/hr,boston/cambridge/brookline
Appliance Service Technician,Earn Up to $4060/Week,"Cambridge, MA"
Teach kids Science after-school 1x/week and make $55 per session,$55 per hour for a once a week session!,boston/cambridge/brookline
"ğŸŒ Earn $200+ Sharing Your Opinions on New Products, Foods, More ğŸŒ",$200+,Online: Computer or Phone
Flyer Distribution and Posting,$25 per hour with ability to earn more,Boston
Barn Manager,excellent compensation,Ipswich
ğŸ¯ğŸ¯ğŸ¯ DELIVERY JOB: IMMEDIATE HIRING - VERY GOOD $$$$ ğŸ‘ˆ,+ sign-on bonus,boston/cambridge/brookline
Teacher Needed for a Documentary Film!,"$2,000.00 USD",Boston
Gutter Cleaning Jobs with No Boss - Become a Vendor Today,Pay is determined by job,Boston MA-NH
Bn- Hostess for a Professional Networking Event,$65 (Cash/Venmo/PayPal),Boston
Move to Maine MOVERS WANTED ( place to live ),$20-$26,Windham
Copilot Careers - Food Delivery Driver - Up to $25 per hour!,Up to $25 per hour,Boston
Need help designing cover for KDP book,$50 p/h,Boston
WANTED - Dog walker and other small tasks. (Mansfield),compensation: $15.00 - $20.00 per hour ...,MANSFIELD
Model needed for the weekend of 3/18 or 3/25,Will be discussed.,Littleton
model test- Looking for interesting looking female model,$50.00 per hour,Wayland
Electrician For Side Job,Percentage Compensation,Brookline
Seeking Kindhearted Gentle Caregiver,$17.80 per hour,Medford near Tufts / Somerville / Arlington / Cambridge
Social Media Manager for Virtual Astrology School,$300/week,Jamaica Plain
Appliance Technicians with 1+ Years Experience,Make up to $20K/Month,"Revere, MA"
Actors for Broll shoot: Asian Woman & African American Man,$500,Boston
driver,agreed upon amount,Cohasset
Wedding Videographers Wanted!!!,"Up to $50/hr, overtime, gratuities and ...",Boston
Wedding Photographers Wanted!!!,"Up to $50/hr, overtime, gratuities and ...",Boston
Compensated Research | Luxury Brands | $100,We are providing a $100 compensation if...,boston/cambridge/brookline
Enthusiastic people to work events!,30$+,Brookline/Quincy
Studio Assistant and Photo Editor,20-30$,Quincy
Handymen and Handywomen Wanted! Earn up to $1000/week on Your Schedule,Up to $1000/month,northwest/merrimack
Handymen and Handywomen Wanted! Earn up to $1000/week on Your Schedule,Up to $1000/week,boston/cambridge/brookline
"ğŸŒ Earn $200+ Sharing Your Opinions on New Products, Foods, More ğŸŒ",$200+,Online: Computer or Phone
Drivers Needed Cash Daily $$$ Must Live In Dorchester & Roxbury,Cash Daily,Dorchester Roxbury Mattapan Quincy Roslindale
ğŸ”ğŸ’¡Inviting Older Adults With Symptoms of Memory Loss - Up to $2250 âœ…,ğŸŒŸ Participants will be compensated up ...,"Boston, MA"
ğŸ”ğŸ’¡Inviting Older Adults With Symptoms of Memory Loss - Up to $2250 âœ…,ğŸŒŸ Participants will be compensated up ...,"Boston, MA"
ğŸ” ğŸŒŸDiagnosed with PTSD or Depression? Join this Study-Up to $560ğŸŒŸğŸ”,ğŸŒŸYou will be compensated up to $560 fo...,"Boston, MA"
ğŸ” ğŸŒŸDiagnosed with PTSD or Depression? Join this Study-Up to $560ğŸŒŸğŸ”,ğŸŒŸYou will be compensated up to $560 fo...,"Boston, MA"
ğŸ” ğŸŒŸDiagnosed with PTSD or Depression? Join this Study-Up to $560ğŸŒŸğŸ”,ğŸŒŸYou will be compensated up to $560 fo...,"Boston, MA"
ğŸ” ğŸŒŸDiagnosed with PTSD or Depression? Join this Study-Up to $560ğŸŒŸğŸ”,ğŸŒŸYou will be compensated up to $560 fo...,"Boston, MA"
ğŸ” ğŸŒŸDiagnosed with PTSD or Depression? Join this Study-Up to $560ğŸŒŸğŸ”,ğŸŒŸYou will be compensated up to $560 fo...,"Boston, MA"
ğŸ” ğŸŒŸDiagnosed with PTSD or Depression? Join this Study-Up to $560ğŸŒŸğŸ”,ğŸŒŸYou will be compensated up to $560 fo...,"Boston, MA"
ğŸ” ğŸŒŸDiagnosed with PTSD or Depression? Join this Study-Up to $560ğŸŒŸğŸ”,ğŸŒŸYou will be compensated up to $560 fo...,"Boston, MA"
ğŸ” ğŸŒŸDiagnosed with PTSD or Depression? Join this Study-Up to $560ğŸŒŸğŸ”,ğŸŒŸYou will be compensated up to $560 fo...,"Boston, MA"
Seamstress Job - flexible- one time job with opportunity for more work,$20/hour,Melrose
Make $30+ Per Hour - GUTTER CLEANING!,Pay is determined by job,"Boston, MA"
Experienced Tour Guide- Boston,We are hiring at $70 for a 90 minute to...,Boston
Healthy Volunteers Needed for a Study! Compensation Available,Donors who complete the study will be c...,south shore
Ladies Haircut,Tbd,north shore
Appliance Repair Gigs - Earn up to $20k/Month,Get Paid 3x per week,"Lowell, MA"
Appliance Repair Gigs - Earn up to $20k/Month,Get Paid 3x per week,"Waltham, MA"
3/11 Andover MA - ENERGY DRINK - Special Event Sampling $28 Hourly + W,$28 Hourly + WEEKLY PAY,Andover MA
Music File Organization,$30 per hour,Boston
Weekend house cleaning,$20.00 per hour,Lexington
Snow removal today,$20.00 per hour,Lexington
ğŸ’¸ğŸ“ˆğŸ’¸ğŸ“ˆLAWN CARE PROS - MAKE UP TO $1000 PER WEEK,MAKE UP TO $1000 PER WEEK,boston/cambridge/brookline
"Flexible Shifts, Explore Local Shops - Specialty Coffee Baristas Apply",$22/hour - $26/hour,boston/cambridge/brookline
â„ï¸â„ï¸ Looking for Snow Proâ€™s: Earn thousands each storm,Compensation dependent on job. Top doll...,Metro West & all surrounding areas
"â„ï¸ğŸ’°The ""Uber of snow"" is looking for snow proâ€™s â„ï¸ğŸ’°",Compensation dependent on job. Top doll...,North Shore & all surrounding areas
Shovelers needed,$20/hour,Chelmsford
"The most fun work at live events! 60,000 real jobs, $20-$40 per hr",$20 to $40 per hour,Greater Boston area
Earn $50-70k+ as a Surrogateâ˜˜ï¸ $1200 in acceptance & screening bonuses,1st time Surrogate compensation starts ...,"Boston (Boston/Cambridge/Brookline), MA"
Mover appliances,1/2 day ...$150-$200,Cambridge
Looking for licensed carpenter to renovate commercial space!,$$$,Quincy
MECHANIC WANTED,Varies for part-time and full,Billerica
Loading a truck,25$/hr,south shore
Earn $260 in Virtual Research Study for Parents - Boston University,"$260, Amazon Fire Tablet, Children's Bo...",metro west
University Study on Work-related Phenomena,$25 Amazon Gift Card,Online
$260 Paid Virtual Research Study for Parents - Boston University,"$260, Amazon Fire Tablet, Children's Bo...",boston/cambridge/brookline
Make $250 a Week By Filming 60 Second Product Review Videos from Home!,"$5 for each 60 second review, up to $25...",Boston
Contract Appliance Repair Tech,Make up to $4060 Per Week,"Roxbury Crossing, MA"
Natick Snow Shoveling,$25/hr,Natick
Moving Co. Needs Experienced Mover Asap.,$25 per hour,"lynn, ma"
Telecommute Earn $20 per easy online product test gig w/ free products,$20 per review gig plus the free product,metro west
ğŸ’¸ğŸ“ˆğŸ’¸ğŸ“ˆLAWN CARE PROS - MAKE UP TO $1000 PER WEEK,UP TO $1000 PER WEEK,boston/cambridge/brookline
Looking for moving helpers Tuesday morning 10am shape,$25/hour per person,Newton
â–º ğŸ“ğŸ“šREMOTE - FREELANCE WRITER / COPYWRITER / EDITOR ğŸ’»âœâ—„,Per Word,Boston
Looking for Experienced Cat Sitters (Meowtel),Sitters set their own rates. Rate minim...,Boston
"Choose your Event Shifts. Make up to $25/hr, get paid fast!",Hourly compensation up to $25/hr,boston/cambridge/brookline
Snow removal jobs!,$50+,north shore
$10 AMAZON GIFT CARD for ~5 Minutes of Your Time,$10 Amazon Gift Card,Boston
small deliveries,16-24hr,boston/cambridge/brookline
Kitchen Staff for LARP,pay rate commensurate with experience,"Essex County, Massachusetts"
Construction Cost Estimator,Pay commensurate with experience and qu...,"Boston, Ma"
"The most fun work at live events! 60,000 real gigs, $20-$40 per hr",$20 to $40 per hour,Greater Boston area
Snow Shoveler Add 1 Property to Your Route,$85,Dorchester
Voice Recording Task (Remote),$40 -  $60,boston/cambridge/brookline
Deliver food with Rescuing Leftover Cuisine,$12 per pickup.,Boston
"Dishwasher ""dishpit video"" ($100 for 3 hr video)",$100 for 3 hr video of dishpit,boston/cambridge/brookline
Make $50/hr Participating in Paid Product and Taste Tests!,$50/hr +,"Natick, MA"
Make $50/hr Participating in Paid Taste Product and Tests!,$50/hr +,"Natick, MA"
Snow removal Boston,17-20 per hour,Roxbury
Construction Project Scheduler,Based on experience,"Boston, Ma"
Live in Helper Wanted,$2000 per month,"Watertown, MA"
House Keeper Needed,$25 an hour,"Byfield, MA"
Hair Model Needed,$300,Roslindale
Editor Needed for Short Film,$400,boston/cambridge/brookline
Skeleton Android Java app that displays map w/moving markers,$200,boston/cambridge/brookline
Move to Maine MOVERS WANTED ( place to live ),$20-$26,Windham
Light electrical work needed,Quote the job or by the hour,Needham
moving jobs $20+ an hour,$20,Stoughton
Help packing for a move,$20 per hour,Wilmington ma
Songs Needed For Film/TV Placement,"Master Sync Lic Fees $5,000 + Royalties...",Boston
Appliance Service Technician,Make up to $20K/Month,"Medford, MA"
Grocery Shoppers & Drivers Wanted! Earn up to $25/hr on Your Schedule,Up to $25/hr,boston/cambridge/brookline
Sign Wavers! $20hr SUN 2.26!( PLYMOUTH ),$20hr - Same Day with Cashapp,PLYMOUTH
Minisplit installer,per job,norwood
ğŸ’²ğŸ’µğŸ’² ğŸ¤‘ SIGN DRIVER / MOBILE ADVERTISING HELP NEEDED ASAP ğŸ¤‘ ğŸ’²,SIGN DRIVER PAY- $30 an hr,north shore
Moving Co. Needs Experienced Mover TOMORROW.,$25 per hour,"Malden, Ma"
Models,500,boston/cambridge/brookline
Dance Band looking for Drummer,TBD,Massachuettes
Need a guy to help me clean and organize my place,25 per hour,Boxborough-Acton
Whole Bean Coffee Research Study,$1200,boston/cambridge/brookline
Commercial Roofing,commission,Boston
Experienced Mover Saturday 25th @ 1pm Weymouth,22/hr + tips(cash at end of move),Weymouth
"TOP MALE MODELS $1,000 SIGNING BONUS!",1k + Bonuses and Tips,Boston
Tour Guide,$75 - $150 per day (including tips),Boston
Seeking Model and Talent Scouts - No experience necessary,$1000/day - $5000/day,New York
Need Help Clearing Snow from Steps and Sidewalk,30,Arlington
moving jobs $20+ an hour,$20 an hour + tips,Boston
Trivia Host Wanted,$25.00/hour - ~3hr/event/week,Allston
"Moving Labor, Load and Unload Only",$18/hr-$30/hr,Boston
"CLEANING JOBS AVAILABLE - $23+/hr, Paid Daily",$23+/hr,boston/cambridge/brookline
"NEED HOUSE CLEANERS TO START THIS WEEK - $23+/hr, Paid Daily",$23+/hr,northwest/merrimack
"ğŸ’š NEED HOUSE CLEANERS TO START THIS WEEK ğŸ’š  $23+/hr, Paid Daily ğŸ’š",$23+/hr,north shore
Do you or someone you know experience binge eating?,Payment up to $425,McLean Hospital
Online help,30 dollars on-time,Boston
Do you have posttraumatic stress disorder (PTSD)?,$300,McLean Hospital
Photographer wanted for 1 hour May 13 2023,$200,Back Bay
Appliance Repairman - Get Paid Up to $20K/Month!,Get Paid 3x per week,"Lowell, MA"
Earn $150 as a participant in a jury research project on 3/4/2023,$150 flat fee,"Burlington, MA"
Do you use Sage for payroll? Want $250 Join Our Research Program!?,Up to $250,north shore
GENERAL LABOR (4 MONTH CONTRACT),$21/hour,lawrence
US English Voice Recording Opportunity - Remote,40$,Boston
SURROGATES NEEDED ğŸ’• Earn $50-70k+ ğŸ’• $1200 screening bonus,1st time Surrogate compensation starts ...,"Boston (Northwest/Merrimack), MA"
Quick cash moving furniture!,$50 hr,northwest/merrimack
Cleaning/Handyman,28/hour,Boston
Evaluate Products For Companies - $225/week,$225/week,Boston / Cambridge / Brookline
Drive Families In Metrowest!,$25 per hour to start,Marlboro/Framingham/Hopkinton/Norwood/Lexington
Female Comedians Wanted for Paid Sketch Comedy gig! $250.00/DAY,250.00/day,"Woonsocket, Rhode Island"
"ğŸ’š NEED CLEANERS TO START THIS WEEK ğŸ’š  $23+/hr, Paid Daily ğŸ’š",$23+/hr,north shore
Lead Generation/ Digital Marketing,Commission,Online
Licensed Plumber (Shower Faucet Replacement),Please provide me with an estimate,Brookline
Are you an 18 to 40 year old woman?,Payment up to $425.00,McLean Hospital
Have you experienced a traumatic event?,$300,McLean Hospital
Snow Shoveling Help Needed,What do you charge?,Arlington
Move to Maine MOVERS WANTED ( place to live ),$20-$26,Windham
Seeking Independent Contractors for Jewelry Store Mystery Shops,$45,"Boston, MA"
Seeking Independent Contractors for Jewelry Store Mystery Shops,$45,"Burlington, MA"
CONSTRUCTION LABORER - $20/HR - ASAP,$20/hr + per diem + lodging,boston/cambridge/brookline
Appliance Technicians - 1+ Years Experience,Make up to $4060 Per Week,"Malden, MA"
Seeking models/subject for alt/erocosplay life drawing/painting,Variable rate: $25-100/hour experience ...,Cambridge/Alewife
"Choose your Shifts. Make up to $25/hr, get paid fast!",Hourly compensation up to $25/hr,boston/cambridge/brookline
ğŸŸ§ ğŸŸ¦ ğŸŸ¨$75 to $150 Daily - Part Time Work from AnywhereğŸŸ© ğŸŸ§ ğŸŸª,$75 to $150 Daily,boston/cambridge/brookline
Surrogates Earn $50-70k+ ğŸ€ Great 2nd Job ğŸ€ $1200 screening bonus,1st time Surrogate compensation starts ...,"Boston (South Shore),MA"
Snow removal jobs!,$40+,north shore
Computer skill,to be discussed,Malden
ON SITE writing emails / digital posts / excel tables,excelent pay,newton Centre
ON SITE primarily Excel tasks - in Newton,excelent,Newton
Laborer needed for the day,$20. per hr,Burlington
Tour guide wanted for Haunted Tour company,$20-40 an hour plus tips,Salem and Boston
"LOOKING FOR A SINGER / MUSICIAN, JAZZ MUSIC, PRIVATE PARTY, JULY 30",EMAIL FOR PRICE,CAMBRIDGE
Helper needed for after-dinner cleaning in a 3-person household,"Pay: $20/hour, 2 hours/day",Brookline
!!!  SIGN DRIVERS NEEDED ASAP  !!,hourly,Burlington/ Dedham
Personal Assistant to Owner. Salary RELOCATE to N CA! Assistance Avail,Salary Negotiable. RELOCATE to N Califo...,Assistance available. RELOCATE to N California
Salesperson needed for pop up shop at Boston convention center,$20/hr,Downtown boston
SNOW PLOWING NEEDED IN NEWBURYPORT FOR 2 LOTS,Timely payment based on agreed plowing ...,"NEWBURYPORT, MA"
Set up help needed for vending booth at convention center,$20/hr cash,Seaport district
"Servers,Bartenders, wanted for upcoming EVENTS.",$18-$25 based on experience and positio...,"Cambridge, Boston and Beyond"
"NEED CLEANERS TO START THIS WEEK - $23+/hr, Paid Daily",$23+/hr,boston/cambridge/brookline
Do you have posttraumatic stress disorder (PTSD)?,$300,McLean Hospital
Electrical Helpers tomorrow start,$16/hr,"Somerville, MA"
Posting flyers,$20/hr,"Cambridge, Somerville"
Rent out your extra storage space or parking and get paid monthly,$300+ per month,Boston
Appliance Repair Contractor,Make up to $20K/Month,boston/cambridge/brookline
Freelance Photographer Needed,$300,Middleton
Plow Drivers Name Your Price,Venmo/zelle/cashapp,Anywhere there is snow
"Paid research on past depression, decision-making, and the brain",at least $800,Belmont
Paid research on depression and the brain,up to $1088.50,Belmont
Hiring Shovelers,25 Cash,Everywhere there is snow
Addiction Reduction Research Study,$2100,boston/cambridge/brookline
Seeking Musician,Fee to be arranged by mutual consent,Framingham
Healthy Volunteers (age 18-59) for tick-bite prevention study,Qualified participants who complete all...,boston/cambridge/brookline
Couriers & Delivery Drivers Wanted! Earn up to $30/hr on Your Schedule,Up to $30/hr,boston/cambridge/brookline
"ğŸŒ Earn $200+ Sharing Your Opinions on New Products, Foods, More ğŸŒ",$200+,Online: Computer or Phone
Teach Me How to Drive?,"$20 per hr, Venmo ideal.",Roslindale
Courier / Owner Operator - Flatbed/Box truck Deliveries (Same Day Pay),"Varies by Distance, Load, And Vehicle",Lynn
Courier / Owner Operator - Flatbed/Box truck Deliveries (Same Day Pay),"Varies by Distance, Load, And Vehicle",Quincy
Courier/Delivery Driver - Construction Supplies,"Varies by Distance, Load, And Vehicle",Franklin
Agricultural / Working with Horses,18/20  per hour,Norwell
PA/soundman for mar 24 in Hanson,Will negotiate,Hanson ma
Tiling mortar and grout helper,per hour based on experience,Woburn
Assistant to Humanities Professor,16.50/hour,Remote (Cambridge)
TV CASTING: ARE YOU DATING A WOMAN IN PRISON?,$$,boston/cambridge/brookline
Massage therapist,140 hr,boston/cambridge/brookline
Have you experienced a traumatic event?,$300,McLean Hospital
Female Model (18-24),$200-$500,boston/cambridge/brookline
Fun Art Gig in Boston area!! Paint Party Instructor,"Starts at $40/hr, plus tips, bonuses, a...",Boston
Get Paid For Your Music,"Opportunity to earn more than $1,000+",boston/cambridge/brookline
Calling all baristas! Pick up coffee shifts on demand,$22/hour - $26/hour,boston/cambridge/brookline
Hoarding Clean Out workers needed Feb 24th ($820),$820,"Salem, MA"
Help Needed at a Seder,$200,Cambridge
Earn up to $20k/Month for Appliance Repair Gigs,Get Paid 3x per week,"Somerville, MA"
Looking for People to Share Opinions on Media Outlets by uTest ($60),$60,boston/cambridge/brookline
National NBC Daytime Talk Show seeking guests,$350 if story is booked,Nationwide
"Choose your Catering Shifts. Make up to $25/hr, get paid fast!",Hourly compensation up to $25/hr,boston/cambridge/brookline
Freelance IT Tech Needed,$50-$60/hour (1099),south shore
SURROGATES NEEDED ğŸˆ Earn $50-70k+ ğŸˆ$1200 screening bonus,1st time Surrogate compensation starts ...,"Boston (Metro West), MA"
Local Paint Nite Host Wanted - Run Your Own Events,up to 70% of all ticket sales,Boston
DOG WALKER/PET SITTER,Contractor Position - Percentage of eac...,"Quincy, Braintree, Weymouth, Randolph, Canton"
WIX Webpage Builder,$25 an hour,Brookline
Looking for cleaning help in Needham,$20 per hour,Needham
truck mechanic - cash,$160-$200 per day in cash,Avon
Line Cook/Prep Cook,$18~$25/hour,Woburn
Have a truck need a buck $40++ per hour,Laborers $20plus per hour with truck $4...,All Across Mass
Make up to $750 by participating in a Northeastern University study,$550-$750 for week-long participation,"Boston, MA"
Hiring an Event /Interview Host for TV series,150-300 per Event,boston/cambridge/brookline
Telecommute Earn $20 per easy online product test gig w/ free products,$20 per review gig plus the free product,metro west
AirBnb Cleaner,$25 per hour. Paid weekly.,Rockport MA
Repair Techs - Make Up To $4060 Per Week,Get Paid 3x per week,"Dorchester, MA"
Fun People of Lincoln! Sporcle Events is hiring trivia hosts!,$60-80 per night,Lincoln
event help for bookkeeping event,17-20hr,boston/cambridge/brookline
Visual Artist looking for computer programmer/collaborator,TBD,Providence/Boston
ğŸ”ğŸ’¡Inviting Older Adults With Symptoms of Memory Loss - Up to $2250 âœ…,ğŸŒŸ Participants will be compensated up ...,"Boston, MA"
ğŸ”ğŸ’¡Inviting Older Adults With Symptoms of Memory Loss - Up to $2250 âœ…,ğŸŒŸ Participants will be compensated up ...,"Boston, MA"
ğŸ”ğŸ’¡Inviting Older Adults With Symptoms of Memory Loss - Up to $2250 âœ…,ğŸŒŸ Participants will be compensated up ...,"Boston, MA"
ğŸ”ğŸ’¡Inviting Older Adults With Symptoms of Memory Loss - Up to $2250 âœ…,ğŸŒŸ Participants will be compensated up ...,"Boston, MA"
Have you made a great short film???,profit sharing incentive,virtual
Delivery Driver 9AM~11AM $25/h,$25/hour + 62.5 cents per mile compensa...,Woburn
"Pick-Up Truck & Labor needed: monday, 2/20 @ 8am",tbd,boston/cambridge/brookline
Hiring Event Setup and Takedowns for an event in your area - $17/hr,$17/hr,boston/cambridge/brookline
We need General Labor Workers at a shipping company - $16/hr,$16/hr,boston/cambridge/brookline
We're looking for Warehouse Workers at an ecommerce operation near you,$18/hr,boston/cambridge/brookline
Moving/Unload,$200,boston/cambridge/brookline
Mandarin/Portuguese Interpreter,$25/hr,Framingham
Looking for an operations specialist with a flexible schedule,Base+per trip+commission+per job bonus,"brookline, peabody, Boston"
Food Delivery Drivers Wanted,Up To $30 Per Hour,"Lowell, Tewksbury, Billerica"
Drain Cleaning experience? Want to join forces?,25% of job price,Boston
cleaning at 9 PM,20,Danvers
"Word layout expert for small projects, ongoing",Please quote an hourly rate,Remote (your location)
Praise and Worship Leader,negotiable,Quincy MA
Development of a camera capture rig with 24 raspberry pi zeros,TBD based on rate and experience,Cambridge
"ğŸ’š CLEANING JOBS AVAILABLE ğŸ’š  $23+/hr, Paid Daily ğŸ’š",$23+/hr,boston/cambridge/brookline
Water Damage Restoration Demo,20-25 per hour,Burlington
Would You Like Free Beauty Products?,Pay is $10.00 per product.,boston/cambridge/brookline
HVAC technician needed for gas furnace repair,Negotiable,Somerville
Paint Sides of a Table,What will you charge?,Arlington
Appliance Repairman - Get Paid Up to $20K/Month,Get Paid 3x per week,"Waltham, MA"
Remote  Opportunity for the Self Motivated People,Commission based,Suffolk
Social media intern,15/hr,virtual
Household helper,25/hour,Belmont
Marketing Associate (Remote),$15:00/hr,boston/cambridge/brookline
"CASTING, Paid, Nationwide, 18+: People Converting Religions For Love",$$,boston/cambridge/brookline
Event Staff,$19.00 per hour,Boston
*$20/hr- Cell Phone Check Attendant - John Mulaney Show,$20.00/hr + $25.00/per referral,boston/cambridge/brookline
"Choose your Construction Shifts. Make up to $25/hr, get paid fast!",Hourly compensation up to $25/hr,boston/cambridge/brookline
Looking to Hire a Personal Assistant,negltiable rates starting at $150 per m...,Boston
Earn $50-70k+ as a Surrogate ğŸ‘ª No Exp Req ğŸ‘ª + $1200 BONUS,1st time Surrogate compensation starts ...,"Boston (Northwest/Merrimack), MA"
Mental Fog/Confusion Study,$1750,boston/cambridge/brookline
"Pick-Up Truck & Labor needed: Friday, 2/17 @ 8am",tbd,boston/cambridge/brookline
Delivery Drivers Wanted,Per Delivery + Bonus + Tips,"Malden, Everett, Medford, Chelsea, Cambridge, Somerville"
Work out partner,Negotiable,boston/cambridge/brookline
Paid Survey | $200 Bonus,$200 Bonus,Boston
BLOOD DONORS NEEDED! $$$ Plus! Enter to win a PS5!,Compensation up to $1000 based on donat...,Boston / Cambridge / Allston
Do you have posttraumatic stress disorder (PTSD)?,$300,McLean Hospital
Looking for skilled Asphalt Person/CDL Drivers/Retaining wall experts,Varies,Everett
ğŸ’²ğŸ’µğŸ’² ğŸ¤‘ SIGN DRIVER / MOBILE ADVERTISING HELP NEEDED ASAP ğŸ¤‘ ğŸ’²,SIGN DRIVER PAY- $30 an hr,metro west
Cleaning Professional,$500,Newton
Looking for General Labor Workers at a local warehouse - $17/hr,$17/hr,boston/cambridge/brookline
Looking for Event Setup and Takedowns for a corporate event - $17/hr,$17/hr,boston/cambridge/brookline
Gas Pump Attendant,$15.00 per hour,Needham
Interpreting Ancient Text,TBD,Greater Boston Area
Wedding Videographers Wanted!!!,"Up to $50/hr, overtime, gratuities and ...",Boston
Wedding Photographers Wanted!!!,"Up to $50/hr, overtime, gratuities and ...",Boston
Interested in earning $10k-$20k for egg donation? Apply today!,"$10,000-20,000 OR receive an egg freezi...",boston/cambridge/brookline
Plantar Fasciitis Studies. Compensation available,Compensation Available,boston/cambridge/brookline
GRAPHIC DESIGNER,Negotiable,SOUTH SHORE
Osteoarthritis of the Knee Studies. Compensation available,Compensation Available,boston/cambridge/brookline
Talented Video Editor Needed (Students & Graduates Welcome to Apply),Compensation based on the scope of each...,Boston & Beyond
Mural Painter Needed,"We pay union scale wage, or $25/hr. plu...","Beverly, MA"
Voice Actor Wanted,62,Bedford
DRUMMERS AND BRASS MUSICIANS,Paid at gig,WOONSOCKET R.I
BIGO LIVE NEEDS BROADCASTERS! PAID OPPORTUNITY,"$1,000 - $24,000",boston/cambridge/brookline
Home cleaner,$25/hour.,Newton
$100 - 2 guys to move 1 very heavy bureau up stairs,$100 cash total.  2 guys needed.  $50 e...,"Bedford, MA"
PCA needed in Quincy,18hr,south shore
Appliance Technicians with 1+ Years Experience,Up to $20k/Month,"Newton, MA"
SIGN HOLDERS ($80 Per Day),$80 per day - 5 hours work - Paid Daily,"Canton, MA"
SIGN HOLDERS ($80 Per Day),$80 per day - 5 hours work - Paid Daily,Boston Metro
Move to Maine MOVERS WANTED ( place to live ),$18-$26,Windham
Scraping google maps for busy times data,Open and reasonable for your time,Cambridge
Home Service Providers PAID Survey,"$5 for the survey, or $10 if you also s...",Boston
"Choose your Warehouse Shifts. Make up to $25/hr, get paid fast!",Hourly compensation up to $25/hr,boston/cambridge/brookline
Do You Love to Chat? Get Paid to Chat and Provide Feedback!,Total $110 for 4 weeks,boston/cambridge/brookline
Help us fight Alzheimerâ€™s Disease!,50 Dollars/Hour of Participation,CAMBRIDGE
Paid Research and Depression Treatment,Up to $710,Belmont
"ğŸŒ Earn $200+ Sharing Your Opinions on New Products, Foods, More ğŸŒ",$200+,Online: Computer or Phone
GRANT APPLICATION WRITER,remuneration is to be negotiated with t...,DUNSTABLE
"Migraine Research Studies - Payment up to $750, varies by study","Payment up to $750, which varies by stu...",boston/cambridge/brookline
"Help us design our basement. Also, seeking quotes for concrete floor",50 +,Melrose
"â„ï¸ğŸ’°The ""Uber of snow"" is looking for snow proâ€™s â„ï¸ğŸ’°",Compensation dependent on job. Top doll...,North Shore & all surrounding areas
Food Delivery Driver - Up to $25 per hour!,Up to $25 per hour,Boston
Personal Assistant/Cook for International Spiritual Teacher,$450 per week at 15-20 hours per week,"West Newbury, MA"
Help Test A New Chatbot From Home - Up to $110!,upto $110,(Your Home - Virtual Study)
Symphony Players Needed,$50. per service x 4,Natick
Corroded Hartford Loop on furnace needs replacing,Send quote,Braintree
Focus Group about Legal Case: 2/20/23,$100,boston/cambridge/brookline
Premium Brand Ambassadors for Moet / Hennessy,$40/hour,"Boston, Massachusetts"
$25/hr Brand Ambassadors Needed 3/22 - 3/26 for Gaming Convention!,$25/hr,"Boston, MA"
Does Your Healthy Teen (16-17) Want to Help Brain Research?,$500,boston/cambridge/brookline
"Garage floor Epoxy, Concrete coating,","Budget $3,000-$4,000","Woburn, MA"
Hiring Easter Bunny!!,20 dollars per hour,"Johnston, RI"
Dump run/ Trash Help,$60,Plymouth
"The most fun work at live events! 58,000 real jobs, $20-$40 per hr",$20 to $40 per hour,Greater Boston area
Graphic Design & Video Help,$30 P/H,Braintree
Commercial Moving Company,Hourly $20 an hour,"North Andover, MA"
